,Date,Visit,Home,V_Odd,H_Odd,OU,Score
0,18/10/16,PHI,BOS,170,-200,211.5,87-105
1,18/10/16,OKC,GS,711,-1100,220.5,100-108
2,18/10/17,MEM,IND,263,-325,204.5,83-111
3,18/10/17,MIL,CHA,-165,144,222.0,113-112
4,18/10/17,MIA,ORL,-135,115,208.0,101-104
5,18/10/17,BKN,DET,211,-255,213.0,100-103
6,18/10/17,ATL,NY,148,-170,216.5,107-126
7,18/10/17,CLE,TOR,797,-1300,215.5,104-116
8,18/10/17,NO,HOU,278,-345,233.0,131-112
9,18/10/17,MIN,SA,125,-145,212.0,108-112
10,18/10/17,UTA,SAC,-400,317,205.5,123-117
11,18/10/17,DAL,PHO,-130,110,212.5,100-121
12,18/10/17,DEN,LAC,-125,105,222.5,107-98
13,18/10/18,CHI,PHI,733,-1150,221.0,108-127
14,18/10/18,MIA,WAS,215,-260,215.0,113-112
15,18/10/18,LAL,POR,135,-155,224.0,119-128
16,18/10/19,CHA,ORL,-125,105,215.5,120-88
17,18/10/19,NY,BKN,148,-170,222.0,105-107
18,18/10/19,SAC,NO,664,-1000,232.5,129-149
19,18/10/19,BOS,TOR,135,-155,209.5,101-113
20,18/10/19,CLE,MIN,334,-425,223.0,123-131
21,18/10/19,ATL,MEM,237,-290,217.0,117-131
22,18/10/19,IND,MIL,144,-165,217.0,101-118
23,18/10/19,GS,UTA,-135,115,217.5,124-123
24,18/10/19,OKC,LAC,130,-150,214.0,92-108
25,18/10/20,TOR,WAS,110,-130,219.5,117-113
26,18/10/20,BKN,IND,303,-380,214.5,112-132
27,18/10/20,ORL,PHI,797,-1300,217.5,115-116
28,18/10/20,BOS,NY,-500,384,210.5,103-101
29,18/10/20,CHA,MIA,135,-155,220.5,113-112
30,18/10/20,DET,CHI,-200,170,217.0,118-116
31,18/10/20,MIN,DAL,110,-130,220.5,136-140
32,18/10/20,PHO,DEN,459,-620,224.5,91-119
33,18/10/20,SA,POR,172,-205,214.0,108-121
34,18/10/20,HOU,LAL,-160,140,237.5,124-115
35,18/10/21,ATL,CLE,303,-380,232.5,133-111
36,18/10/21,SAC,OKC,477,-650,222.5,131-120
37,18/10/21,GS,DEN,-189,163,230.5,98-100
38,18/10/21,HOU,LAC,115,-135,220.5,112-115
39,18/10/22,CHA,TOR,317,-400,225.0,106-127
40,18/10/22,ORL,BOS,611,-894,211.5,93-90
41,18/10/22,IND,MIN,110,-130,229.5,91-101
42,18/10/22,NY,MIL,614,-900,227.0,113-124
43,18/10/22,CHI,DAL,170,-200,229.0,109-115
44,18/10/22,MEM,UTA,506,-700,213.5,92-84
45,18/10/22,WAS,POR,160,-185,228.0,125-124
46,18/10/22,SA,LAL,110,-130,226.5,143-142
47,18/10/22,PHO,GS,797,-1300,227.5,103-123
48,18/10/23,PHI,DET,-120,100,214.5,132-133
49,18/10/23,LAC,NO,203,-245,237.5,109-116
50,18/10/23,SAC,DEN,614,-900,229.5,112-126
51,18/10/24,BKN,CLE,125,-145,226.0,102-86
52,18/10/24,DAL,ATL,-130,110,235.5,104-111
53,18/10/24,NY,MIA,300,-400,218.0,87-110
54,18/10/24,MIN,TOR,325,-425,226.5,105-112
55,18/10/24,CHA,CHI,-200,170,229.5,110-112
56,18/10/24,UTA,HOU,-105,-115,217.5,100-89
57,18/10/24,IND,SA,105,-125,210.5,116-96
58,18/10/24,PHI,MIL,180,-220,228.5,108-123
59,18/10/24,LAL,PHO,-230,185,238.0,131-113
60,18/10/24,MEM,SAC,-140,120,220.5,92-97
61,18/10/24,WAS,GS,450,-650,235.5,122-144
62,18/10/25,CLE,DET,375,-500,216.5,103-110
63,18/10/25,POR,ORL,-170,145,213.5,128-114
64,18/10/25,BOS,OKC,-110,-110,219.0,101-95
65,18/10/25,DEN,LAL,-120,100,235.0,114-121
66,18/10/26,CHI,CHA,450,-650,223.0,106-135
67,18/10/26,DAL,TOR,650,-1000,221.5,107-116
68,18/10/26,GS,NY,-1000,650,225.0,128-100
69,18/10/26,BKN,NO,375,-500,231.5,115-117
70,18/10/26,LAC,HOU,150,-180,217.5,133-113
71,18/10/26,MIL,MIN,-130,110,233.0,125-95
72,18/10/26,WAS,SAC,-240,190,236.0,112-116
73,18/10/27,BOS,DET,-160,140,212.0,109-89
74,18/10/27,UTA,NO,-260,210,220.5,132-111
75,18/10/27,CHA,PHI,230,-280,232.5,103-105
76,18/10/27,CHI,ATL,190,-240,232.5,97-85
77,18/10/27,IND,CLE,-350,275,213.5,119-107
78,18/10/27,POR,MIA,105,-125,220.5,111-120
79,18/10/27,PHO,MEM,275,-350,207.0,96-117
80,18/10/27,LAL,SA,-115,-105,232.5,106-110
81,18/10/27,ORL,MIL,375,-500,220.0,91-113
82,18/10/28,GS,BKN,-650,450,227.0,120-114
83,18/10/28,PHO,OKC,1000,-2000,220.5,110-117
84,18/10/28,UTA,DAL,-200,170,214.0,113-104
85,18/10/28,WAS,LAC,145,-170,229.0,104-136
86,18/10/29,ATL,PHI,650,-1000,231.0,92-113
87,18/10/29,POR,IND,145,-170,215.5,103-93
88,18/10/29,SAC,MIA,375,-500,227.0,123-113
89,18/10/29,BKN,NY,100,-120,215.0,96-115
90,18/10/29,TOR,MIL,-130,110,222.5,109-124
91,18/10/29,GS,CHI,-900,600,227.0,149-124
92,18/10/29,LAL,MIN,-125,105,240.0,120-124
93,18/10/29,DAL,SA,250,-310,214.5,108-113
94,18/10/29,NO,DEN,375,-500,229.5,111-116
95,18/10/30,ATL,CLE,172,-205,226.5,114-136
96,18/10/30,MIA,CHA,140,-160,221.0,113-125
97,18/10/30,SAC,ORL,170,-200,220.5,107-99
98,18/10/30,DET,BOS,371,-480,212.0,105-108
99,18/10/30,PHI,TOR,215,-260,228.0,112-129
100,18/10/30,POR,HOU,170,-200,223.5,104-85
101,18/10/30,LAC,OKC,144,-165,228.5,110-128
102,18/10/30,WAS,MEM,-105,-115,220.5,95-107
103,18/10/31,DET,BKN,110,-130,217.0,119-120
104,18/10/31,DEN,CHI,-400,317,221.0,108-107
105,18/10/31,IND,NY,-256,212,208.5,107-101
106,18/10/31,UTA,MIN,-320,260,222.0,125-128
107,18/10/31,NO,GS,386,-502,241.0,121-131
108,18/10/31,SA,PHO,-350,281,215.0,120-90
109,18/10/31,DAL,LAL,318,-402,234.0,113-114
110,18/11/01,OKC,CHA,100,-120,231.0,111-107
111,18/11/01,LAC,PHI,190,-240,229.0,113-122
112,18/11/01,DEN,CLE,-230,185,218.5,110-91
113,18/11/01,SAC,ATL,-135,115,234.0,146-115
114,18/11/01,MIL,BOS,120,-140,220.5,113-117
115,18/11/01,NO,POR,275,-350,229.5,119-132
116,18/11/02,LAC,ORL,-170,145,219.5,120-95
117,18/11/02,HOU,BKN,-190,160,220.5,119-111
118,18/11/02,OKC,WAS,145,-170,233.0,134-111
119,18/11/02,IND,CHI,-310,250,213.5,107-105
120,18/11/02,NY,DAL,200,-250,216.0,118-106
121,18/11/02,MEM,UTA,275,-350,201.5,110-100
122,18/11/02,TOR,PHO,-650,450,226.5,107-98
123,18/11/02,MIN,GS,550,-800,243.5,99-116
124,18/11/03,DET,PHI,275,-350,221.0,99-109
125,18/11/03,BOS,IND,-165,142,205.5,101-102
126,18/11/03,CLE,CHA,450,-650,222.0,94-126
127,18/11/03,MIA,ATL,-240,190,225.5,118-123
128,18/11/03,HOU,CHI,-425,325,223.5,96-88
129,18/11/03,NO,SA,105,-125,227.0,95-109
130,18/11/03,UTA,DEN,160,-190,209.5,88-103
131,18/11/03,LAL,POR,135,-155,236.0,114-110
132,18/11/04,SAC,MIL,450,-650,235.0,109-144
133,18/11/04,PHI,BKN,-180,150,224.0,97-122
134,18/11/04,NY,WAS,240,-300,223.5,95-108
135,18/11/04,ORL,SA,280,-360,207.0,117-110
136,18/11/04,MEM,PHO,-190,160,211.0,100-102
137,18/11/04,MIN,POR,225,-275,228.0,81-111
138,18/11/04,TOR,LAL,105,-125,235.0,121-107
139,18/11/05,HOU,IND,-110,-110,216.0,98-94
140,18/11/05,MIA,DET,130,-150,219.5,120-115
141,18/11/05,CLE,ORL,150,-180,214.0,100-102
142,18/11/05,CHI,NY,130,-150,213.0,116-115
143,18/11/05,NO,OKC,140,-160,235.5,116-122
144,18/11/05,BOS,DEN,100,-120,209.5,107-115
145,18/11/05,TOR,UTA,135,-155,214.5,124-111
146,18/11/05,MEM,GS,1000,-2000,221.0,101-117
147,18/11/05,MIN,LAC,190,-240,233.0,109-120
148,18/11/06,ATL,CHA,600,-900,232.0,102-113
149,18/11/06,WAS,DAL,-125,105,228.0,100-119
150,18/11/06,BKN,PHO,-140,120,221.0,104-82
151,18/11/06,MIL,POR,-130,110,230.0,103-118
152,18/11/07,DET,ORL,-155,135,213.0,103-96
153,18/11/07,OKC,CLE,-280,230,217.0,95-86
154,18/11/07,NY,ATL,-120,100,225.0,112-107
155,18/11/07,SA,MIA,-105,-115,215.5,88-95
156,18/11/07,DEN,MEM,-160,140,203.5,87-89
157,18/11/07,CHI,NO,550,-800,228.0,98-107
158,18/11/07,PHI,IND,125,-145,215.5,100-94
159,18/11/07,DAL,UTA,400,-550,213.5,102-117
160,18/11/07,TOR,SAC,-550,400,233.5,114-105
161,18/11/07,MIN,LAL,220,-270,238.5,110-114
162,18/11/08,HOU,OKC,-210,175,214.0,80-98
163,18/11/08,BOS,PHO,-500,375,214.5,116-109
164,18/11/08,LAC,POR,180,-220,225.5,105-116
165,18/11/08,MIL,GS,220,-270,242.0,134-111
166,18/11/09,WAS,ORL,-170,145,221.5,108-117
167,18/11/09,CHA,PHI,190,-240,227.0,132-133
168,18/11/09,DET,ATL,-250,200,228.0,124-109
169,18/11/09,IND,MIA,-135,115,207.0,110-102
170,18/11/09,BKN,DEN,350,-450,215.0,112-110
171,18/11/09,BOS,UTA,220,-270,205.0,115-123
172,18/11/09,MIN,SAC,-135,115,234.0,110-121
173,18/11/10,NY,TOR,1000,-2000,217.5,112-128
174,18/11/10,MIL,LAC,-190,160,233.5,126-128
175,18/11/10,PHO,NO,375,-500,228.5,99-119
176,18/11/10,CLE,CHI,170,-200,212.0,98-99
177,18/11/10,WAS,MIA,145,-170,224.0,116-110
178,18/11/10,PHI,MEM,170,-200,211.0,106-112
179,18/11/10,BKN,GS,300,-400,223.5,100-116
180,18/11/10,HOU,SA,-170,145,212.0,89-96
181,18/11/10,OKC,DAL,105,-125,214.5,96-111
182,18/11/10,LAL,SAC,-250,200,237.5,101-86
183,18/11/11,CHA,DET,120,-140,221.5,113-103
184,18/11/11,IND,HOU,125,-145,209.5,103-115
185,18/11/11,ORL,NY,142,-165,210.5,115-89
186,18/11/11,MIL,DEN,140,-160,224.5,121-114
187,18/11/11,BOS,POR,110,-130,214.5,94-100
188,18/11/11,ATL,LAL,550,-800,237.0,106-107
189,18/11/12,ORL,WAS,280,-360,222.0,109-117
190,18/11/12,PHI,MIA,120,-140,225.0,124-114
191,18/11/12,NO,TOR,400,-550,228.5,126-110
192,18/11/12,DAL,CHI,-140,120,215.5,103-98
193,18/11/12,UTA,MEM,-170,145,203.0,96-88
194,18/11/12,PHO,OKC,300,-400,215.0,101-118
195,18/11/12,BKN,MIN,145,-170,226.5,113-120
196,18/11/12,SA,SAC,-140,120,220.5,99-104
197,18/11/12,GS,LAC,-170,145,226.5,116-121
198,18/11/13,CHA,CLE,-450,350,215.0,89-113
199,18/11/13,HOU,DEN,150,-180,217.0,109-99
200,18/11/13,ATL,GS,650,-1000,229.5,103-110
201,18/11/14,PHI,ORL,-240,190,218.0,106-111
202,18/11/14,CLE,WAS,700,-1100,215.0,95-119
203,18/11/14,CHI,BOS,800,-1400,213.0,82-111
204,18/11/14,DET,TOR,400,-550,222.0,106-104
205,18/11/14,MIA,BKN,-135,115,214.0,120-107
206,18/11/14,NY,OKC,320,-420,213.5,103-128
207,18/11/14,NO,MIN,-130,110,234.5,100-107
208,18/11/14,MEM,MIL,400,-550,212.5,116-113
209,18/11/14,UTA,DAL,-220,180,212.0,68-118
210,18/11/14,SA,PHO,-250,200,213.0,96-116
211,18/11/14,POR,LAL,115,-135,223.0,117-126
212,18/11/15,GS,HOU,160,-190,217.5,86-107
213,18/11/15,ATL,DEN,850,-1500,222.5,93-138
214,18/11/15,SA,LAC,230,-280,217.0,111-116
215,18/11/16,BKN,WAS,220,-270,224.0,115-104
216,18/11/16,MIA,IND,180,-220,214.0,91-99
217,18/11/16,UTA,PHI,125,-145,216.5,107-113
218,18/11/16,TOR,BOS,115,-135,218.0,116-123
219,18/11/16,POR,MIN,100,-120,225.0,96-112
220,18/11/16,SAC,MEM,225,-275,212.0,104-112
221,18/11/16,NY,NO,500,-700,227.0,124-129
222,18/11/16,CHI,MIL,1000,-2000,225.5,104-123
223,18/11/17,LAC,BKN,-180,150,221.5,127-119
224,18/11/17,LAL,ORL,-185,155,222.5,117-130
225,18/11/17,ATL,IND,550,-800,219.0,89-97
226,18/11/17,DEN,NO,-110,-110,227.5,115-125
227,18/11/17,PHI,CHA,125,-145,225.5,122-119
228,18/11/17,UTA,BOS,155,-185,206.5,98-86
229,18/11/17,SAC,HOU,750,-1200,220.0,112-132
230,18/11/17,TOR,CHI,-600,425,215.5,122-83
231,18/11/17,GS,DAL,-135,115,215.5,109-112
232,18/11/17,OKC,PHO,-200,170,217.5,110-100
233,18/11/18,MEM,MIN,175,-210,209.0,100-87
234,18/11/18,POR,WAS,-125,105,221.0,119-109
235,18/11/18,LAL,MIA,-115,-105,225.0,113-97
236,18/11/18,NY,ORL,170,-200,217.0,117-131
237,18/11/18,GS,SA,135,-155,212.5,92-104
238,18/11/19,BOS,CHA,-180,150,217.5,112-117
239,18/11/19,UTA,IND,-180,150,205.5,94-121
240,18/11/19,PHO,PHI,600,-900,219.5,114-119
241,18/11/19,CLE,DET,400,-550,213.5,102-113
242,18/11/19,LAC,ATL,-275,225,232.5,127-119
243,18/11/19,DEN,MIL,200,-250,224.5,98-104
244,18/11/19,SA,NO,260,-330,222.0,126-140
245,18/11/19,DAL,MEM,135,-155,200.5,88-98
246,18/11/19,OKC,SAC,-200,170,227.0,113-117
247,18/11/20,TOR,ORL,-330,260,219.0,93-91
248,18/11/20,LAC,WAS,-110,-110,233.5,118-125
249,18/11/20,POR,NY,-300,240,221.0,118-114
250,18/11/20,BKN,MIA,125,-145,215.0,104-92
251,18/11/21,NO,PHI,145,-170,237.5,120-121
252,18/11/21,IND,CHA,142,-165,215.5,109-127
253,18/11/21,TOR,ATL,-400,300,225.0,124-108
254,18/11/21,NY,BOS,1000,-2000,215.5,117-109
255,18/11/21,DET,HOU,350,-450,214.5,124-126
256,18/11/21,POR,MIL,260,-330,226.5,100-143
257,18/11/21,DEN,MIN,-110,-110,220.5,103-101
258,18/11/21,PHO,CHI,-120,100,217.5,116-124
259,18/11/21,LAL,CLE,-500,375,221.5,109-105
260,18/11/21,MEM,SA,135,-155,199.5,104-103
261,18/11/21,BKN,DAL,180,-220,215.0,113-119
262,18/11/21,SAC,UTA,400,-550,222.5,119-110
263,18/11/21,OKC,GS,-110,-110,223.5,123-95
264,18/11/23,MIN,BKN,-125,105,221.5,112-102
265,18/11/23,MEM,LAC,155,-179,209.5,107-112
266,18/11/23,HOU,DET,-180,155,216.0,111-116
267,18/11/23,NO,NY,-300,245,235.0,109-114
268,18/11/23,CLE,PHI,797,-1300,217.5,121-112
269,18/11/23,WAS,TOR,435,-580,230.5,107-125
270,18/11/23,BOS,ATL,-350,281,223.5,114-96
271,18/11/23,MIA,CHI,-170,148,213.0,103-96
272,18/11/23,SA,IND,105,-125,207.5,111-100
273,18/11/23,CHA,OKC,227,-277,230.0,104-109
274,18/11/23,PHO,MIL,837,-1400,232.5,116-114
275,18/11/23,ORL,DEN,317,-400,210.0,87-112
276,18/11/23,UTA,LAL,125,-145,219.5,83-90
277,18/11/23,POR,GS,-107,-114,218.5,97-125
278,18/11/24,HOU,CLE,-330,267,208.5,108-117
279,18/11/24,NO,WAS,139,-159,238.5,114-124
280,18/11/24,CHI,MIN,520,-725,219.0,96-111
281,18/11/24,DEN,OKC,199,-240,217.0,105-98
282,18/11/24,SA,MIL,398,-522,227.0,129-135
283,18/11/24,SAC,GS,222,-270,226.0,116-117
284,18/11/24,BOS,DAL,-140,120,213.0,104-113
285,18/11/25,ORL,LAL,275,-350,217.0,108-104
286,18/11/25,PHO,DET,300,-400,221.5,107-118
287,18/11/25,MIA,TOR,650,-1000,215.0,115-125
288,18/11/25,PHI,BKN,-200,170,225.5,127-125
289,18/11/25,NY,MEM,285,-370,205.5,103-98
290,18/11/25,CHA,ATL,-300,240,228.5,123-124
291,18/11/25,UTA,SAC,-180,150,218.5,133-112
292,18/11/25,LAC,POR,150,-180,227.0,104-100
293,18/11/26,MIN,CLE,-240,190,214.5,102-95
294,18/11/26,MIL,CHA,-200,170,234.0,107-110
295,18/11/26,HOU,WAS,105,-125,223.0,131-135
296,18/11/26,SA,CHI,-280,230,215.0,108-107
297,18/11/26,BOS,NO,110,-130,228.0,124-107
298,18/11/26,IND,UTA,170,-200,206.5,121-88
299,18/11/26,ORL,GS,240,-300,215.0,110-116
300,18/11/27,NY,DET,275,-350,220.0,108-115
301,18/11/27,ATL,MIA,260,-330,224.0,115-113
302,18/11/27,TOR,MEM,-250,200,208.5,122-114
303,18/11/27,IND,PHO,-145,125,216.5,109-104
304,18/11/27,LAL,DEN,130,-150,219.0,85-117
305,18/11/28,NY,PHI,750,-1200,227.0,91-117
306,18/11/28,ATL,CHA,650,-1000,231.0,94-108
307,18/11/28,UTA,BKN,-170,145,215.0,101-91
308,18/11/28,SA,MIN,155,-185,215.5,89-128
309,18/11/28,DAL,HOU,200,-250,217.0,128-108
310,18/11/28,CHI,MIL,1100,-2500,230.0,113-116
311,18/11/28,CLE,OKC,750,-1200,215.5,83-100
312,18/11/28,WAS,NO,230,-280,242.0,104-125
313,18/11/28,ORL,POR,400,-550,215.0,112-115
314,18/11/28,PHO,LAC,600,-900,230.0,99-115
315,18/11/29,GS,TOR,375,-500,223.0,128-131
316,18/11/29,LAC,SAC,-135,115,236.0,133-121
317,18/11/29,IND,LAL,180,-220,220.0,96-104
318,18/11/30,WAS,PHI,340,-440,233.5,98-123
319,18/11/30,CHI,DET,340,-440,217.0,88-107
320,18/11/30,CLE,BOS,850,-1500,206.5,95-128
321,18/11/30,UTA,CHA,110,-130,218.0,119-111
322,18/11/30,MEM,BKN,-145,125,206.5,131-125
323,18/11/30,NO,MIA,-150,130,228.5,101-106
324,18/11/30,HOU,SA,-180,150,216.0,136-105
325,18/11/30,ATL,OKC,850,-1500,230.0,109-124
326,18/11/30,ORL,PHO,-190,160,215.5,99-85
327,18/11/30,DAL,LAL,150,-180,223.0,103-114
328,18/11/30,DEN,POR,105,-125,214.5,113-112
329,18/12/01,MIL,NY,-425,325,230.0,134-136
330,18/12/01,GS,DET,-210,175,229.5,102-111
331,18/12/01,BKN,WAS,225,-275,227.5,88-102
332,18/12/01,BOS,MIN,105,-125,216.5,118-109
333,18/12/01,CHI,HOU,900,-1600,219.0,105-121
334,18/12/01,TOR,CLE,-1200,750,213.0,106-95
335,18/12/01,IND,SAC,-125,105,225.0,110-111
336,18/12/02,PHO,LAL,600,-900,221.0,96-120
337,18/12/02,NO,CHA,130,-150,232.5,119-109
338,18/12/02,MEM,PHI,225,-275,212.0,95-103
339,18/12/02,UTA,MIA,-180,150,208.5,100-102
340,18/12/02,POR,SA,-110,-110,217.5,118-131
341,18/12/02,LAC,DAL,-160,140,224.0,110-114
342,18/12/03,OKC,DET,-135,115,218.0,110-83
343,18/12/03,WAS,NY,-130,110,229.0,110-107
344,18/12/03,GS,ATL,-800,550,236.0,128-111
345,18/12/03,DEN,TOR,240,-300,219.5,106-103
346,18/12/03,CLE,BKN,210,-260,211.0,99-97
347,18/12/03,HOU,MIN,-140,120,222.5,91-103
348,18/12/03,LAC,NO,105,-125,235.0,129-126
349,18/12/04,CHI,IND,320,-420,210.5,90-96
350,18/12/04,ORL,MIA,125,-145,208.0,105-90
351,18/12/04,POR,DAL,105,-125,217.0,102-111
352,18/12/04,SAC,PHO,-240,190,223.0,122-105
353,18/12/04,SA,UTA,275,-350,215.5,105-139
354,18/12/05,GS,CLE,-850,575,219.5,129-105
355,18/12/05,DEN,ORL,-200,170,206.5,124-118
356,18/12/05,WAS,ATL,-160,140,228.5,131-117
357,18/12/05,OKC,BKN,-270,220,221.0,114-112
358,18/12/05,CHA,MIN,170,-200,222.5,104-121
359,18/12/05,PHI,TOR,220,-270,229.0,102-113
360,18/12/05,DET,MIL,260,-330,226.0,92-115
361,18/12/05,DAL,NO,180,-220,227.0,106-132
362,18/12/05,LAC,MEM,110,-130,209.5,86-96
363,18/12/05,SA,LAL,300,-400,225.5,113-121
364,18/12/06,NY,BOS,850,-1500,218.0,100-128
365,18/12/06,PHO,POR,800,-1400,211.0,86-108
366,18/12/06,HOU,UTA,105,-125,216.0,91-118
367,18/12/07,PHI,DET,115,-135,221.0,117-111
368,18/12/07,IND,ORL,145,-170,206.5,112-90
369,18/12/07,DEN,CHA,100,-120,218.5,107-113
370,18/12/07,SAC,CLE,-155,135,222.5,129-110
371,18/12/07,TOR,BKN,-420,320,221.5,105-106
372,18/12/07,MEM,NO,190,-240,214.0,107-103
373,18/12/07,OKC,CHI,-500,375,218.5,112-114
374,18/12/07,LAL,SA,-120,100,223.5,120-133
375,18/12/07,MIA,PHO,-420,320,210.5,115-98
376,18/12/07,GS,MIL,110,-130,241.5,105-95
377,18/12/08,HOU,DAL,-169,146,219.0,104-107
378,18/12/08,SAC,IND,172,-205,222.5,97-107
379,18/12/08,DEN,ATL,-230,192,225.0,98-106
380,18/12/08,WAS,CLE,-350,281,216.5,101-116
381,18/12/08,BKN,NY,105,-125,219.5,112-104
382,18/12/08,BOS,CHI,-345,278,214.0,133-77
383,18/12/08,LAL,MEM,120,-140,208.5,111-88
384,18/12/08,MIN,POR,144,-165,220.5,105-113
385,18/12/08,MIA,LAC,428,-570,219.0,121-98
386,18/12/09,NO,DET,-140,120,224.5,116-108
387,18/12/09,MIL,TOR,175,-210,229.5,104-99
388,18/12/09,UTA,SA,-180,150,218.0,97-110
389,18/12/09,CHA,NY,-250,200,225.5,119-107
390,18/12/10,WAS,IND,200,-250,216.5,101-109
391,18/12/10,DET,PHI,600,-900,218.0,102-116
392,18/12/10,NO,BOS,120,-140,222.5,100-113
393,18/12/10,CLE,MIL,425,-600,217.0,92-108
394,18/12/10,UTA,OKC,180,-220,217.5,113-122
395,18/12/10,SAC,CHI,-130,110,226.5,108-89
396,18/12/10,ORL,DAL,160,-190,210.5,76-101
397,18/12/10,LAC,PHO,-600,425,222.5,123-119
398,18/12/10,MEM,DEN,140,-160,197.5,99-105
399,18/12/10,MIN,GS,425,-600,228.5,108-116
400,18/12/10,MIA,LAL,180,-220,222.0,105-108
401,18/12/11,POR,HOU,225,-275,220.5,104-111
402,18/12/11,PHO,SA,775,-1300,217.5,86-111
403,18/12/11,TOR,LAC,-160,140,219.0,123-99
404,18/12/12,BKN,PHI,210,-260,224.5,127-124
405,18/12/12,BOS,WAS,-180,150,220.0,130-125
406,18/12/12,NY,CLE,-115,-105,215.0,106-113
407,18/12/12,DET,CHA,185,-230,216.5,107-108
408,18/12/12,MIL,IND,-130,110,218.5,97-113
409,18/12/12,POR,MEM,145,-170,201.5,83-92
410,18/12/12,OKC,NO,-140,120,234.5,114-118
411,18/12/12,ATL,DAL,400,-550,226.0,107-114
412,18/12/12,MIA,UTA,325,-425,211.0,84-111
413,18/12/12,MIN,SAC,-150,130,227.0,130-141
414,18/12/12,TOR,GS,275,-350,226.5,113-93
415,18/12/13,LAL,HOU,200,-250,226.5,111-126
416,18/12/13,LAC,SA,130,-150,221.5,87-125
417,18/12/13,CHI,ORL,190,-240,212.5,91-97
418,18/12/13,DAL,PHO,-260,210,210.0,89-99
419,18/12/14,ATL,BOS,650,-1000,221.5,108-129
420,18/12/14,NY,CHA,425,-600,224.0,126-124
421,18/12/14,MIL,CLE,-550,400,220.5,114-102
422,18/12/14,IND,PHI,130,-150,219.5,113-101
423,18/12/14,WAS,BKN,130,-150,224.0,118-125
424,18/12/14,MIA,MEM,160,-190,195.0,100-97
425,18/12/14,TOR,POR,-125,105,216.0,122-128
426,18/12/14,GS,SAC,-370,285,236.5,130-125
427,18/12/14,OKC,DEN,-130,110,217.5,98-109
428,18/12/15,UTA,ORL,-260,210,207.0,89-96
429,18/12/15,LAL,CHA,-120,100,226.5,128-100
430,18/12/15,BOS,DET,-130,110,215.5,104-113
431,18/12/15,HOU,MEM,-200,170,201.5,105-97
432,18/12/15,CHI,SA,500,-700,213.5,98-93
433,18/12/15,MIN,PHO,-350,275,219.5,99-107
434,18/12/15,LAC,OKC,225,-275,222.5,104-110
435,18/12/16,ATL,BKN,250,-310,225.5,127-144
436,18/12/16,PHI,CLE,-500,375,218.0,128-105
437,18/12/16,NY,IND,650,-1000,217.0,99-110
438,18/12/16,LAL,WAS,-155,135,231.5,110-128
439,18/12/16,SAC,DAL,160,-190,222.5,120-113
440,18/12/16,MIA,NO,200,-250,221.5,102-96
441,18/12/16,TOR,DEN,142,-165,209.5,86-95
442,18/12/17,MIL,DET,-150,130,225.5,107-104
443,18/12/17,PHO,NY,-125,105,222.5,128-110
444,18/12/17,SAC,MIN,280,-360,231.0,105-132
445,18/12/17,CHI,OKC,750,-1200,212.0,96-121
446,18/12/17,UTA,HOU,180,-220,212.0,97-102
447,18/12/17,PHI,SA,100,-120,224.5,96-123
448,18/12/17,MEM,GS,775,-1300,210.0,93-110
449,18/12/17,POR,LAC,100,-120,216.5,131-127
450,18/12/18,CLE,IND,750,-1200,207.0,92-91
451,18/12/18,LAL,BKN,-120,100,229.0,110-115
452,18/12/18,WAS,ATL,-160,140,238.0,110-118
453,18/12/18,DAL,DEN,170,-200,208.0,118-126
454,18/12/19,NY,PHI,750,-1200,228.5,109-131
455,18/12/19,SA,ORL,-155,135,209.5,129-90
456,18/12/19,CLE,CHA,850,-1500,214.0,99-110
457,18/12/19,PHO,BOS,700,-1100,222.5,111-103
458,18/12/19,IND,TOR,155,-185,210.5,96-99
459,18/12/19,DET,MIN,200,-250,216.5,129-123
460,18/12/19,WAS,HOU,600,-900,225.0,118-136
461,18/12/19,BKN,CHI,-125,105,211.5,96-93
462,18/12/19,NO,MIL,350,-450,230.5,115-123
463,18/12/19,GS,UTA,-130,110,223.0,103-108
464,18/12/19,MEM,POR,210,-260,201.5,92-99
465,18/12/19,OKC,SAC,-200,170,233.0,132-113
466,18/12/20,HOU,MIA,-150,130,210.5,99-101
467,18/12/20,DAL,LAC,135,-155,222.5,121-125
468,18/12/21,DET,CHA,150,-180,220.5,86-98
469,18/12/21,CLE,TOR,600,-900,210.5,110-126
470,18/12/21,IND,BKN,-145,125,209.5,114-106
471,18/12/21,ATL,NY,120,-140,233.5,114-107
472,18/12/21,MIL,BOS,-125,105,223.5,120-107
473,18/12/21,ORL,CHI,-160,140,202.0,80-90
474,18/12/21,MIN,SA,150,-180,219.5,98-124
475,18/12/21,MEM,SAC,105,-125,211.5,99-102
476,18/12/21,UTA,POR,100,-120,213.5,120-90
477,18/12/21,NO,LAL,180,-220,235.0,104-112
478,18/12/22,DEN,LAC,120,-140,221.0,111-132
479,18/12/22,PHO,WAS,160,-190,226.5,146-149
480,18/12/22,TOR,PHI,320,-420,222.5,101-126
481,18/12/22,SA,HOU,160,-190,217.5,101-108
482,18/12/22,MIL,MIA,-125,105,215.0,87-94
483,18/12/22,DAL,GS,600,-900,227.0,116-120
484,18/12/22,OKC,UTA,105,-125,219.5,107-106
485,18/12/23,ATL,DET,375,-500,221.5,98-95
486,18/12/23,WAS,IND,500,-700,219.0,89-105
487,18/12/23,MIA,ORL,120,-140,201.5,115-91
488,18/12/23,PHO,BKN,350,-450,218.5,103-111
489,18/12/23,NO,SAC,-115,-105,237.5,117-122
490,18/12/23,CHI,CLE,-105,-115,201.0,112-92
491,18/12/23,CHA,BOS,275,-350,217.0,103-119
492,18/12/23,MIN,OKC,240,-300,222.0,114-112
493,18/12/23,LAC,GS,500,-700,233.5,127-129
494,18/12/23,DAL,POR,275,-350,215.0,118-121
495,18/12/23,MEM,LAL,180,-220,210.5,107-99
496,18/12/25,MIL,NY,-600,425,226.0,109-95
497,18/12/25,OKC,HOU,-120,100,221.0,109-113
498,18/12/25,PHI,BOS,175,-210,224.0,114-121
499,18/12/25,LAL,GS,375,-500,233.5,127-101
500,18/12/25,POR,UTA,240,-300,214.5,96-117
501,18/12/26,PHO,ORL,185,-230,212.0,122-120
502,18/12/26,WAS,DET,160,-190,221.5,95-106
503,18/12/26,IND,ATL,-280,230,220.0,129-121
504,18/12/26,TOR,MIA,-130,110,207.5,106-104
505,18/12/26,CHA,BKN,100,-120,220.5,132-134
506,18/12/26,CLE,MEM,400,-550,196.5,87-95
507,18/12/26,MIN,CHI,-185,155,210.0,119-94
508,18/12/26,NO,DAL,110,-130,228.5,119-122
509,18/12/26,DEN,SA,150,-180,216.0,103-111
510,18/12/26,SAC,LAC,170,-200,239.0,118-127
511,18/12/27,BOS,HOU,-145,125,214.0,113-127
512,18/12/27,NY,MIL,950,-1800,227.0,96-112
513,18/12/27,LAL,SAC,155,-185,229.0,116-117
514,18/12/27,POR,GS,350,-450,227.0,110-109
515,18/12/27,PHI,UTA,170,-200,219.5,114-97
516,18/12/28,BKN,CHA,170,-200,220.0,87-100
517,18/12/28,DET,IND,240,-300,206.5,88-125
518,18/12/28,TOR,ORL,-200,170,207.5,87-116
519,18/12/28,CHI,WAS,170,-200,212.5,101-92
520,18/12/28,CLE,MIA,450,-650,202.5,94-118
521,18/12/28,DAL,NO,148,-175,228.5,112-114
522,18/12/28,ATL,MIN,375,-500,229.5,123-120
523,18/12/28,SA,DEN,160,-190,216.5,99-102
524,18/12/28,OKC,PHO,-190,160,226.0,118-102
525,18/12/28,LAC,LAL,-310,250,229.0,118-107
526,18/12/29,BKN,MIL,500,-700,222.0,115-129
527,18/12/29,HOU,NO,-160,140,229.5,108-104
528,18/12/29,CHA,WAS,-170,145,217.5,126-130
529,18/12/29,CLE,ATL,150,-180,219.5,108-111
530,18/12/29,BOS,MEM,-170,145,202.0,112-103
531,18/12/29,NY,UTA,700,-1100,215.0,97-129
532,18/12/29,DEN,PHO,-210,175,215.5,122-118
533,18/12/29,GS,POR,-230,185,226.5,115-105
534,18/12/29,SA,LAC,120,-140,227.0,122-111
535,18/12/30,DET,ORL,105,-125,203.5,107-109
536,18/12/30,MIN,MIA,142,-165,207.0,113-104
537,18/12/30,CHI,TOR,550,-800,206.5,89-95
538,18/12/30,OKC,DAL,-140,120,226.0,103-105
539,18/12/30,PHI,POR,135,-155,225.0,95-129
540,18/12/30,SAC,LAL,110,-130,233.0,114-121
541,18/12/31,ATL,IND,800,-1400,220.5,108-116
542,18/12/31,ORL,CHA,290,-380,211.0,100-125
543,18/12/31,BOS,SA,-115,-105,217.5,111-120
544,18/12/31,MEM,HOU,160,-190,200.5,101-113
545,18/12/31,DAL,OKC,270,-340,224.0,102-122
546,18/12/31,MIN,NO,100,-120,224.0,114-123
547,18/12/31,GS,PHO,-650,450,231.0,132-109
548,19/1/01,UTA,TOR,-105,-115,209.0,116-122
549,19/1/01,DET,MIL,425,-600,219.0,98-121
550,19/1/01,NY,DEN,800,-1400,219.0,108-115
551,19/1/01,POR,SAC,-120,100,230.0,113-108
552,19/1/01,PHI,LAC,-125,105,236.5,119-113
553,19/1/02,MIA,CLE,-230,185,202.5,117-92
554,19/1/02,ATL,WAS,210,-260,230.0,98-114
555,19/1/02,DAL,CHA,105,-125,222.5,122-84
556,19/1/02,NO,BKN,-125,105,230.0,121-126
557,19/1/02,MIN,BOS,230,-280,214.5,102-115
558,19/1/02,DET,MEM,210,-260,198.0,101-94
559,19/1/02,ORL,CHI,-120,100,198.5,112-84
560,19/1/02,PHI,PHO,-170,145,228.5,132-127
561,19/1/02,OKC,LAL,-240,190,229.5,107-100
562,19/1/03,TOR,SA,140,-160,218.0,107-125
563,19/1/03,DEN,SAC,-170,145,227.0,117-113
564,19/1/03,HOU,GS,320,-420,226.5,135-134
565,19/1/04,DAL,BOS,150,-180,212.5,93-114
566,19/1/04,UTA,CLE,-550,400,207.5,117-91
567,19/1/04,BKN,MEM,150,-180,204.0,109-100
568,19/1/04,WAS,MIA,235,-290,211.5,109-115
569,19/1/04,ORL,MIN,150,-180,214.0,103-120
570,19/1/04,IND,CHI,-300,240,201.0,119-116
571,19/1/04,ATL,MIL,900,-1600,230.0,112-144
572,19/1/04,LAC,PHO,-210,175,235.0,121-111
573,19/1/04,NY,LAL,200,-250,222.5,119-112
574,19/1/04,OKC,POR,-110,-110,224.0,111-109
575,19/1/05,CHA,DEN,375,-500,218.5,110-123
576,19/1/05,UTA,DET,-180,150,209.0,110-105
577,19/1/05,DAL,PHI,225,-275,227.0,100-106
578,19/1/05,NO,CLE,-550,400,222.0,133-98
579,19/1/05,TOR,MIL,190,-240,226.5,123-116
580,19/1/05,MEM,SA,320,-420,203.5,88-108
581,19/1/05,HOU,POR,115,-135,220.0,101-110
582,19/1/05,GS,SAC,-380,290,238.5,127-123
583,19/1/06,BKN,CHI,-130,110,207.5,117-100
584,19/1/06,ORL,LAC,240,-300,220.5,96-106
585,19/1/06,LAL,MIN,300,-400,224.5,86-108
586,19/1/06,MIA,ATL,-300,240,218.5,82-106
587,19/1/06,WAS,OKC,500,-700,227.5,116-98
588,19/1/06,IND,TOR,-110,-110,213.0,105-121
589,19/1/06,CHA,PHO,100,-120,224.5,119-113
590,19/1/07,SA,DET,-150,130,214.5,119-107
591,19/1/07,BKN,BOS,500,-700,219.5,95-116
592,19/1/07,MEM,NO,170,-200,214.5,95-114
593,19/1/07,UTA,MIL,185,-230,222.5,102-114
594,19/1/07,DEN,HOU,100,-120,215.5,113-125
595,19/1/07,LAL,DAL,250,-310,223.0,107-97
596,19/1/07,ORL,SAC,160,-190,222.5,95-111
597,19/1/07,NY,POR,550,-800,222.0,101-111
598,19/1/08,WAS,PHI,300,-400,227.0,115-132
599,19/1/08,IND,CLE,-600,425,208.0,123-115
600,19/1/08,ATL,TOR,800,-1400,229.0,101-104
601,19/1/08,DEN,MIA,110,-130,209.5,103-99
602,19/1/08,MIN,OKC,300,-400,228.5,119-117
603,19/1/08,SAC,PHO,-180,150,227.5,111-115
604,19/1/08,NY,GS,1600,-6000,232.5,95-122
605,19/1/08,CHA,LAC,225,-275,231.0,109-128
606,19/1/09,PHI,WAS,-170,145,227.5,106-123
607,19/1/09,IND,BOS,250,-310,216.0,108-135
608,19/1/09,ATL,BKN,300,-400,227.0,100-116
609,19/1/09,MIL,HOU,-125,105,229.5,116-109
610,19/1/09,SA,MEM,-150,130,206.0,86-96
611,19/1/09,CLE,NO,950,-1800,225.0,124-140
612,19/1/09,PHO,DAL,550,-800,217.5,94-104
613,19/1/09,ORL,UTA,400,-550,207.5,93-106
614,19/1/09,CHI,POR,425,-600,209.0,112-124
615,19/1/09,DET,LAL,105,-125,216.0,100-113
616,19/1/10,BOS,MIA,-155,135,212.0,99-115
617,19/1/10,LAC,DEN,185,-230,226.0,100-121
618,19/1/10,OKC,SA,-125,105,224.5,147-154
619,19/1/10,DET,SAC,280,-360,220.0,102-112
620,19/1/11,MIL,WAS,-135,115,227.5,106-113
621,19/1/11,ATL,PHI,450,-650,234.0,123-121
622,19/1/11,IND,NY,-400,300,218.5,121-106
623,19/1/11,BKN,TOR,450,-650,224.5,105-122
624,19/1/11,CLE,HOU,900,-1600,216.5,113-141
625,19/1/11,DAL,MIN,160,-190,224.0,119-115
626,19/1/11,LAL,UTA,300,-400,214.5,95-113
627,19/1/11,CHA,POR,220,-270,222.5,96-127
628,19/1/11,CHI,GS,1100,-2500,221.0,109-146
629,19/1/12,DET,LAC,260,-330,222.0,109-104
630,19/1/12,MEM,MIA,145,-170,196.0,108-112
631,19/1/12,BOS,ORL,-350,275,213.5,103-105
632,19/1/12,SA,OKC,210,-260,227.0,112-122
633,19/1/12,NO,MIN,-125,105,237.0,106-110
634,19/1/12,DEN,PHO,-500,375,217.5,93-102
635,19/1/12,CHI,UTA,600,-900,207.0,102-110
636,19/1/12,CHA,SAC,200,-250,233.5,97-104
637,19/1/13,PHI,NY,-500,375,229.0,108-105
638,19/1/13,TOR,WAS,-220,180,224.5,140-138
639,19/1/13,MIL,ATL,-550,400,232.0,133-114
640,19/1/13,HOU,ORL,-220,180,214.5,109-116
641,19/1/13,GS,DAL,-260,210,227.5,119-114
642,19/1/13,POR,DEN,160,-190,217.0,113-116
643,19/1/13,CLE,LAL,450,-650,222.0,101-95
644,19/1/14,BOS,BKN,-140,120,217.0,102-109
645,19/1/14,MEM,HOU,145,-170,208.5,94-112
646,19/1/14,CHA,SA,280,-360,220.5,108-93
647,19/1/14,DET,UTA,280,-360,208.0,94-100
648,19/1/14,POR,SAC,110,-130,228.0,107-115
649,19/1/14,NO,LAC,-120,100,240.0,121-117
650,19/1/15,MIN,PHI,210,-260,234.0,107-149
651,19/1/15,PHO,IND,450,-650,218.5,97-131
652,19/1/15,OKC,ATL,-550,400,234.5,126-142
653,19/1/15,MIA,MIL,350,-450,218.0,86-124
654,19/1/15,GS,DEN,-135,115,227.5,142-111
655,19/1/15,CHI,LAL,240,-300,215.5,100-107
656,19/1/16,ORL,DET,145,-170,208.0,115-120
657,19/1/16,MIL,MEM,-275,225,212.5,111-101
658,19/1/16,TOR,BOS,125,-145,223.0,108-117
659,19/1/16,BKN,HOU,200,-250,226.5,145-142
660,19/1/16,SA,DAL,100,-120,217.0,105-101
661,19/1/16,CLE,POR,950,-1800,217.5,112-129
662,19/1/16,NO,GS,260,-330,241.5,140-147
663,19/1/16,UTA,LAC,100,-120,224.0,129-109
664,19/1/17,NY,WAS,260,-330,229.0,100-101
665,19/1/17,PHI,IND,130,-150,225.0,120-96
666,19/1/17,SAC,CHA,125,-145,229.0,95-114
667,19/1/17,PHO,TOR,350,-450,223.5,109-111
668,19/1/17,CHI,DEN,900,-1600,214.0,105-135
669,19/1/17,LAL,OKC,425,-600,226.0,138-128
670,19/1/18,BKN,ORL,125,-145,217.0,117-115
671,19/1/18,MEM,BOS,450,-650,207.5,116-122
672,19/1/18,MIA,DET,125,-145,206.0,93-98
673,19/1/18,SA,MIN,110,-130,226.5,116-113
674,19/1/18,CLE,UTA,1200,-3000,215.0,99-115
675,19/1/18,NO,POR,130,-150,235.5,112-128
676,19/1/18,GS,LAC,-300,240,241.5,112-94
677,19/1/19,OKC,PHI,145,-170,235.0,117-115
678,19/1/19,PHO,CHA,250,-310,224.5,115-135
679,19/1/19,SAC,DET,-125,105,222.5,103-101
680,19/1/19,DAL,IND,275,-350,214.5,99-111
681,19/1/19,MIL,ORL,-700,500,221.5,118-108
682,19/1/19,BOS,ATL,-330,260,226.0,113-105
683,19/1/19,MEM,TOR,500,-700,212.5,90-119
684,19/1/19,MIA,CHI,-180,150,208.5,117-103
685,19/1/19,LAL,HOU,260,-330,229.5,134-138
686,19/1/19,CLE,DEN,1500,-5000,219.0,102-124
687,19/1/20,CHA,IND,280,-360,219.0,95-120
688,19/1/20,PHO,MIN,750,-1200,229.5,114-116
689,19/1/20,LAC,SA,400,-550,220.5,103-95
690,19/1/21,OKC,NY,-500,375,226.0,127-109
691,19/1/21,CHI,CLE,-150,130,211.5,104-88
692,19/1/21,DET,WAS,190,-240,215.5,87-101
693,19/1/21,DAL,MIL,600,-900,225.0,106-116
694,19/1/21,ORL,ATL,-105,-115,221.0,122-103
695,19/1/21,SAC,BKN,140,-160,231.0,94-123
696,19/1/21,NO,MEM,125,-145,222.0,105-85
697,19/1/21,MIA,BOS,350,-450,212.5,99-107
698,19/1/21,HOU,PHI,170,-200,234.0,93-121
699,19/1/21,POR,UTA,175,-210,218.5,109-104
700,19/1/21,GS,LAL,-1500,850,233.0,130-111
701,19/1/22,SAC,TOR,500,-700,226.5,105-120
702,19/1/22,POR,OKC,145,-170,225.0,114-123
703,19/1/22,LAC,DAL,130,-150,223.5,98-106
704,19/1/22,MIN,PHO,-190,160,232.5,118-91
705,19/1/23,TOR,IND,230,-280,217.0,106-110
706,19/1/23,CLE,BOS,1100,-2500,212.5,103-123
707,19/1/23,ORL,BKN,180,-220,218.0,110-114
708,19/1/23,HOU,NY,-400,300,226.5,114-110
709,19/1/23,LAC,MIA,200,-250,215.5,111-99
710,19/1/23,SA,PHI,140,-160,224.5,120-122
711,19/1/23,DET,NO,170,-200,221.5,98-94
712,19/1/23,ATL,CHI,105,-125,224.0,121-101
713,19/1/23,CHA,MEM,115,-135,209.0,118-107
714,19/1/23,DEN,UTA,150,-180,216.5,108-114
715,19/1/24,GS,WAS,-500,375,234.5,126-118
716,19/1/24,NO,OKC,850,-1500,231.0,116-122
717,19/1/24,POR,PHO,-400,300,220.5,120-106
718,19/1/24,MIN,LAL,115,-135,230.5,120-105
719,19/1/25,WAS,ORL,140,-160,217.5,95-91
720,19/1/25,MIA,CLE,-400,317,207.5,100-94
721,19/1/25,NY,BKN,330,-420,221.0,99-109
722,19/1/25,TOR,HOU,-165,144,228.0,119-121
723,19/1/25,SAC,MEM,115,-135,214.0,99-96
724,19/1/25,LAC,CHI,-210,176,223.0,106-101
725,19/1/25,DET,DAL,176,-210,207.5,101-106
726,19/1/25,CHA,MIL,614,-900,230.0,99-108
727,19/1/25,PHO,DEN,1098,-2200,222.0,95-132
728,19/1/25,MIN,UTA,459,-620,217.5,102-106
729,19/1/26,SA,NO,-200,170,227.5,126-114
730,19/1/26,IND,MEM,-210,175,202.5,103-106
731,19/1/26,GS,BOS,-170,145,233.0,115-111
732,19/1/26,PHI,DEN,450,-650,226.0,110-126
733,19/1/26,ATL,POR,325,-425,224.0,111-120
734,19/1/27,CLE,CHI,180,-220,212.0,104-101
735,19/1/27,SAC,LAC,140,-160,230.5,108-122
736,19/1/27,MIL,OKC,-110,-110,235.0,112-118
737,19/1/27,TOR,DAL,-180,150,220.0,123-120
738,19/1/27,ORL,HOU,350,-450,222.0,98-103
739,19/1/27,WAS,SA,160,-190,222.0,119-132
740,19/1/27,UTA,MIN,-240,190,217.0,125-111
741,19/1/27,MIA,NY,-210,175,210.0,106-97
742,19/1/27,PHO,LAL,260,-330,227.5,102-116
743,19/1/28,GS,IND,-350,275,228.5,132-100
744,19/1/28,NY,CHA,650,-1000,221.5,92-101
745,19/1/28,BKN,BOS,350,-450,219.0,104-112
746,19/1/28,DEN,MEM,-240,190,205.0,95-92
747,19/1/28,ATL,LAC,210,-260,233.5,123-118
748,19/1/29,WAS,CLE,-350,275,218.5,113-116
749,19/1/29,MIL,DET,-300,240,216.5,115-105
750,19/1/29,OKC,ORL,-155,135,222.0,126-117
751,19/1/29,CHI,BKN,240,-300,220.5,117-122
752,19/1/29,NO,HOU,900,-1600,234.0,121-116
753,19/1/29,PHO,SA,900,-1600,226.0,124-126
754,19/1/29,PHI,LAL,-340,270,230.0,121-105
755,19/1/30,CHI,MIA,525,-750,206.0,105-89
756,19/1/30,DAL,NY,-300,240,215.0,114-90
757,19/1/30,CHA,BOS,260,-330,214.5,94-126
758,19/1/30,MEM,MIN,135,-155,208.0,97-99
759,19/1/30,DEN,NO,-500,375,226.0,105-99
760,19/1/30,IND,WAS,-115,-105,218.0,89-107
761,19/1/30,ATL,SAC,180,-220,236.5,113-135
762,19/1/30,UTA,POR,-145,125,218.0,105-132
763,19/1/31,IND,ORL,145,-170,208.0,100-107
764,19/1/31,DAL,DET,270,-340,205.5,89-93
765,19/1/31,MIL,TOR,120,-140,231.0,105-92
766,19/1/31,BKN,SA,290,-380,226.0,114-117
767,19/1/31,PHI,GS,300,-400,240.5,113-104
768,19/1/31,LAL,LAC,-130,110,232.0,123-120
769,19/2/01,MEM,CHA,290,-380,202.5,92-100
770,19/2/01,BOS,NY,-1600,900,213.5,113-99
771,19/2/01,OKC,MIA,-170,145,218.5,118-102
772,19/2/01,ATL,UTA,650,-1000,226.5,112-128
773,19/2/01,HOU,DEN,145,-170,223.5,122-136
774,19/2/02,LAC,DET,120,-140,215.5,111-101
775,19/2/02,BKN,ORL,135,-155,221.0,89-102
776,19/2/02,CHI,CHA,250,-310,216.0,118-125
777,19/2/02,MIL,WAS,-265,215,227.0,131-115
778,19/2/02,IND,MIA,105,-125,204.0,95-88
779,19/2/02,DAL,CLE,-240,190,210.5,111-98
780,19/2/02,NO,SA,500,-700,230.0,108-113
781,19/2/02,LAL,GS,1100,-2500,234.5,101-115
782,19/2/02,DEN,MIN,105,-125,221.5,107-106
783,19/2/02,HOU,UTA,240,-300,222.0,125-98
784,19/2/02,ATL,PHO,115,-135,235.0,118-112
785,19/2/02,PHI,SAC,-160,140,232.5,108-115
786,19/2/03,MEM,NY,-140,120,199.5,96-84
787,19/2/03,OKC,BOS,150,-180,228.0,129-134
788,19/2/03,LAC,TOR,400,-550,225.5,103-121
789,19/2/04,DEN,DET,-125,105,209.0,103-129
790,19/2/04,ATL,WAS,250,-310,230.0,137-129
791,19/2/04,MIL,BKN,-330,260,230.0,113-94
792,19/2/04,IND,NO,-165,142,219.0,109-107
793,19/2/04,HOU,PHO,-400,300,227.5,118-110
794,19/2/04,SA,SAC,-135,115,231.0,112-127
795,19/2/05,LAL,IND,-145,125,218.0,94-136
796,19/2/05,BOS,CLE,-800,550,210.0,103-96
797,19/2/05,LAC,CHA,140,-160,223.5,117-115
798,19/2/05,DET,NY,-170,145,206.5,105-92
799,19/2/05,ORL,OKC,375,-500,223.5,122-132
800,19/2/05,TOR,PHI,105,-125,229.5,119-107
801,19/2/05,MIN,MEM,-180,150,206.5,106-108
802,19/2/05,MIA,POR,260,-330,212.5,118-108
803,19/2/06,DEN,BKN,-165,142,226.0,130-135
804,19/2/06,NO,CHI,-125,105,226.0,125-120
805,19/2/06,WAS,MIL,600,-900,229.0,129-148
806,19/2/06,CHA,DAL,190,-240,215.5,93-99
807,19/2/06,PHO,UTA,1100,-2500,216.5,88-116
808,19/2/06,HOU,SAC,-190,160,236.0,127-101
809,19/2/06,SA,GS,1100,-2500,232.0,102-141
810,19/2/07,MIN,ORL,145,-170,215.0,112-122
811,19/2/07,LAC,IND,215,-265,220.5,92-116
812,19/2/07,TOR,ATL,-270,220,232.5,119-101
813,19/2/07,MEM,OKC,850,-1500,215.0,95-117
814,19/2/07,LAL,BOS,350,-450,228.0,129-128
815,19/2/07,SA,POR,200,-250,226.0,118-127
816,19/2/08,DEN,PHI,240,-300,229.5,110-117
817,19/2/08,CLE,WAS,400,-550,221.0,106-119
818,19/2/08,NY,DET,290,-380,205.0,103-120
819,19/2/08,CHI,BKN,300,-400,227.0,125-106
820,19/2/08,MIL,DAL,-250,200,226.0,122-107
821,19/2/08,GS,PHO,-2500,1100,229.5,117-107
822,19/2/08,MIN,NO,190,-240,230.5,117-122
823,19/2/08,MIA,SAC,140,-160,220.5,96-102
824,19/2/09,SA,UTA,275,-350,219.5,105-125
825,19/2/09,CLE,IND,950,-1800,210.0,90-105
826,19/2/09,TOR,NY,-2000,1000,215.5,104-99
827,19/2/09,CHA,ATL,-135,115,228.5,129-120
828,19/2/09,NO,MEM,-115,-105,214.5,90-99
829,19/2/09,WAS,CHI,-135,115,226.5,134-125
830,19/2/09,LAC,BOS,700,-1100,229.5,123-112
831,19/2/09,OKC,HOU,125,-145,237.5,117-112
832,19/2/09,ORL,MIL,220,-270,222.5,103-83
833,19/2/10,POR,DAL,-155,135,220.0,101-102
834,19/2/10,LAL,PHI,260,-330,235.0,120-143
835,19/2/10,PHO,SAC,350,-450,231.0,104-117
836,19/2/10,ORL,ATL,-120,100,225.0,124-108
837,19/2/10,MIA,GS,900,-1600,222.0,118-120
838,19/2/11,WAS,DET,200,-250,224.5,112-121
839,19/2/11,NY,CLE,100,-120,209.0,104-107
840,19/2/11,CHA,IND,190,-240,215.0,90-99
841,19/2/11,BKN,TOR,450,-650,227.5,125-127
842,19/2/11,POR,OKC,170,-200,231.5,111-120
843,19/2/11,DAL,HOU,550,-800,224.5,104-120
844,19/2/11,MIL,CHI,-800,550,227.0,112-99
845,19/2/11,LAC,MIN,145,-170,233.0,120-130
846,19/2/11,MIA,DEN,425,-600,213.0,87-103
847,19/2/12,LAL,ATL,-250,200,239.0,113-117
848,19/2/12,ORL,NO,160,-190,223.0,118-88
849,19/2/12,BOS,PHI,240,-300,225.0,112-109
850,19/2/12,SA,MEM,-320,255,207.5,108-107
851,19/2/12,UTA,GS,350,-450,229.5,108-115
852,19/2/13,BKN,CLE,-350,275,225.0,148-139
853,19/2/13,MIL,IND,-190,160,218.5,106-97
854,19/2/13,DET,BOS,145,-170,211.0,110-118
855,19/2/13,WAS,TOR,400,-550,232.5,120-129
856,19/2/13,PHI,NY,-650,450,222.5,126-111
857,19/2/13,MEM,CHI,100,-120,207.5,110-122
858,19/2/13,MIA,DAL,135,-155,208.0,112-101
859,19/2/13,SAC,DEN,275,-350,232.5,118-120
860,19/2/13,HOU,MIN,-180,150,231.5,111-121
861,19/2/13,GS,POR,-130,110,235.0,107-129
862,19/2/13,PHO,LAC,300,-400,232.5,107-134
863,19/2/14,CHA,ORL,155,-180,215.0,89-127
864,19/2/14,NY,ATL,267,-330,228.0,106-91
865,19/2/14,OKC,NO,-200,170,238.5,122-131
866,19/2/21,MIA,PHI,190,-240,220.5,102-106
867,19/2/21,PHO,CLE,100,-120,221.5,98-111
868,19/2/21,POR,BKN,-160,140,231.5,113-99
869,19/2/21,BOS,MIL,210,-260,227.0,97-98
870,19/2/21,HOU,LAL,-150,130,233.5,106-111
871,19/2/21,SAC,GS,700,-1100,239.0,123-125
872,19/2/22,WAS,CHA,180,-220,231.5,110-123
873,19/2/22,NO,IND,180,-220,223.0,111-126
874,19/2/22,CHI,ORL,290,-380,216.5,110-109
875,19/2/22,SA,TOR,300,-400,227.0,117-120
876,19/2/22,MIN,NY,-170,145,220.0,115-104
877,19/2/22,DET,ATL,-190,160,221.5,125-122
878,19/2/22,LAC,MEM,-155,135,217.0,112-106
879,19/2/22,DEN,DAL,-330,260,223.0,114-104
880,19/2/22,UTA,OKC,170,-200,227.0,147-148
881,19/2/23,POR,PHI,110,-130,229.5,130-115
882,19/2/23,MEM,CLE,110,-130,209.0,107-112
883,19/2/23,IND,WAS,-110,-110,227.0,119-112
884,19/2/23,BKN,CHA,135,-155,228.0,117-115
885,19/2/23,LAL,NO,-270,220,234.5,115-128
886,19/2/23,PHO,ATL,130,-150,234.0,112-120
887,19/2/23,DET,MIA,140,-160,209.5,119-96
888,19/2/23,BOS,CHI,-650,450,220.0,116-126
889,19/2/23,SAC,OKC,200,-250,240.0,119-116
890,19/2/23,HOU,GS,575,-850,232.0,118-112
891,19/2/23,MIN,MIL,750,-1200,232.5,128-140
892,19/2/23,DAL,UTA,575,-850,214.0,109-125
893,19/2/24,ORL,TOR,250,-310,216.0,113-98
894,19/2/24,LAC,DEN,375,-500,235.0,96-123
895,19/2/24,SA,NY,-500,375,226.0,118-130
896,19/2/25,POR,CLE,-500,375,225.0,123-110
897,19/2/25,IND,DET,115,-135,211.5,109-113
898,19/2/25,GS,CHA,-425,325,233.5,121-110
899,19/2/25,PHO,MIA,290,-380,217.0,124-121
900,19/2/25,SA,BKN,100,-120,233.5,85-101
901,19/2/25,MIL,CHI,-380,290,224.5,117-106
902,19/2/25,ATL,HOU,700,-1100,233.5,111-119
903,19/2/25,PHI,NO,-140,120,240.5,111-110
904,19/2/25,SAC,MIN,145,-170,237.5,105-112
905,19/2/25,LAL,MEM,-220,180,222.0,105-110
906,19/2/25,DAL,LAC,145,-170,229.5,112-121
907,19/2/26,ORL,NY,-330,260,215.5,103-108
908,19/2/26,BOS,TOR,142,-165,226.0,95-118
909,19/2/26,OKC,DEN,142,-165,238.0,112-121
910,19/2/27,HOU,CHA,-220,180,227.5,118-113
911,19/2/27,MIN,ATL,-210,175,235.5,123-131
912,19/2/27,POR,BOS,120,-140,228.0,97-92
913,19/2/27,WAS,BKN,180,-220,237.5,125-116
914,19/2/27,GS,MIA,-425,325,225.5,125-126
915,19/2/27,CHI,MEM,135,-155,216.5,109-107
916,19/2/27,DET,SA,155,-185,220.5,93-105
917,19/2/27,IND,DAL,-115,-105,214.5,101-110
918,19/2/27,LAC,UTA,375,-500,227.0,105-111
919,19/2/27,MIL,SAC,-280,230,237.5,141-140
920,19/2/27,NO,LAL,230,-280,239.5,119-125
921,19/2/28,MIN,IND,140,-160,221.5,115-122
922,19/2/28,GS,ORL,-200,170,224.0,96-103
923,19/2/28,CLE,NY,105,-125,221.0,125-118
924,19/2/28,MIA,HOU,375,-500,219.0,118-121
925,19/2/28,UTA,DEN,255,-320,224.5,111-104
926,19/2/28,PHI,OKC,155,-185,239.5,108-104
927,19/3/01,POR,TOR,180,-220,229.5,117-119
928,19/3/01,CHI,ATL,-115,-105,230.0,168-161
929,19/3/01,CHA,BKN,125,-145,228.0,123-112
930,19/3/01,WAS,BOS,425,-600,234.5,96-107
931,19/3/01,NO,PHO,-200,170,239.0,130-116
932,19/3/01,LAC,SAC,135,-155,238.0,116-109
933,19/3/01,MIL,LAL,-230,185,239.0,131-120
934,19/3/02,DET,CLE,-425,325,214.5,129-93
935,19/3/02,ORL,IND,135,-155,209.5,117-112
936,19/3/02,BKN,MIA,110,-130,222.5,88-117
937,19/3/02,MEM,DAL,170,-200,214.5,111-81
938,19/3/02,GS,PHI,-210,175,238.0,120-117
939,19/3/02,OKC,SA,170,-200,229.0,102-116
940,19/3/02,LAL,PHO,-310,250,234.5,109-118
941,19/3/02,MIL,UTA,170,-200,223.0,111-115
942,19/3/02,NO,DEN,800,-1400,238.0,120-112
943,19/3/03,POR,CHA,-135,115,224.5,118-108
944,19/3/03,HOU,BOS,110,-130,225.5,115-104
945,19/3/03,ATL,CHI,150,-180,229.0,123-118
946,19/3/03,NY,LAC,450,-650,226.5,107-128
947,19/3/03,ORL,CLE,-260,210,214.5,93-107
948,19/3/03,TOR,DET,-135,115,217.5,107-112
949,19/3/03,MIN,WAS,-110,-110,240.5,121-135
950,19/3/03,MEM,OKC,425,-600,217.5,95-99
951,19/3/04,DAL,BKN,190,-240,226.5,88-127
952,19/3/04,ATL,MIA,375,-500,222.0,113-114
953,19/3/04,DEN,SA,105,-125,229.5,103-104
954,19/3/04,MIL,PHO,-1400,800,232.5,105-114
955,19/3/04,NO,UTA,400,-550,231.5,115-112
956,19/3/04,NY,SAC,550,-800,229.0,108-115
957,19/3/04,LAC,LAL,145,-170,235.0,113-105
958,19/3/05,ORL,PHI,160,-190,222.0,106-114
959,19/3/05,CHI,IND,240,-300,217.5,96-105
960,19/3/05,HOU,TOR,140,-160,229.0,107-95
961,19/3/05,POR,MEM,-240,190,215.5,111-120
962,19/3/05,OKC,MIN,-130,110,236.5,120-131
963,19/3/05,BOS,GS,240,-300,228.5,128-95
964,19/3/06,MIA,CHA,145,-170,215.5,91-84
965,19/3/06,DAL,WAS,190,-240,232.5,123-132
966,19/3/06,MIN,DET,170,-200,223.5,114-131
967,19/3/06,SA,ATL,-260,210,234.0,111-104
968,19/3/06,CLE,BKN,400,-550,228.0,107-113
969,19/3/06,UTA,NO,-210,175,230.0,114-104
970,19/3/06,PHI,CHI,-180,150,230.0,107-108
971,19/3/06,NY,PHO,150,-180,227.5,96-107
972,19/3/06,BOS,SAC,-130,110,227.0,111-109
973,19/3/06,DEN,LAL,-220,180,231.0,115-99
974,19/3/07,IND,MIL,450,-650,223.0,98-117
975,19/3/07,OKC,POR,145,-170,233.0,129-121
976,19/3/08,WAS,CHA,150,-180,234.0,111-112
977,19/3/08,DAL,ORL,240,-300,214.0,106-111
978,19/3/08,UTA,MEM,-200,170,209.0,104-114
979,19/3/08,CLE,MIA,340,-440,213.5,110-126
980,19/3/08,TOR,NO,-450,350,230.0,127-104
981,19/3/08,PHI,HOU,300,-400,230.5,91-107
982,19/3/08,DET,CHI,-170,145,218.5,112-104
983,19/3/08,DEN,GS,230,-280,234.5,105-122
984,19/3/08,OKC,LAC,110,-130,236.5,110-118
985,19/3/09,SAC,NY,-250,200,225.5,102-94
986,19/3/09,BKN,ATL,-200,170,238.0,114-112
987,19/3/09,WAS,MIN,240,-300,242.0,130-135
988,19/3/09,BOS,LAL,-320,255,220.5,120-107
989,19/3/09,CHA,MIL,650,-1000,228.0,114-131
990,19/3/09,PHO,POR,650,-1000,226.5,120-127
991,19/3/10,CHI,DET,350,-450,214.0,108-131
992,19/3/10,TOR,MIA,105,-125,214.5,125-104
993,19/3/10,IND,PHI,225,-275,217.5,89-106
994,19/3/10,NO,ATL,100,-120,237.0,116-128
995,19/3/10,ORL,MEM,-110,-110,208.5,97-105
996,19/3/10,HOU,DAL,-450,350,222.5,94-93
997,19/3/10,MIL,SA,-140,120,229.0,114-121
998,19/3/10,NY,MIN,225,-275,222.5,92-103
999,19/3/10,PHO,GS,1500,-5000,234.0,115-111
1000,19/3/11,TOR,CLE,-450,350,224.5,101-126
1001,19/3/11,SAC,WAS,110,-130,240.0,115-121
1002,19/3/11,DET,BKN,110,-130,222.5,75-103
1003,19/3/11,CHA,HOU,425,-600,223.0,106-118
1004,19/3/11,OKC,UTA,145,-170,226.0,98-89
1005,19/3/11,BOS,LAC,-130,110,227.5,115-140
1006,19/3/12,NY,IND,600,-900,208.5,98-103
1007,19/3/12,CLE,PHI,1100,-2500,223.5,99-106
1008,19/3/12,MIL,NO,-650,450,236.5,130-113
1009,19/3/12,LAL,CHI,-130,110,225.5,123-107
1010,19/3/12,SA,DAL,-160,140,218.5,112-105
1011,19/3/12,MIN,DEN,400,-550,227.5,107-133
1012,19/3/12,POR,LAC,-180,150,232.5,125-104
1013,19/3/13,DET,MIA,110,-130,208.0,74-108
1014,19/3/13,ORL,WAS,110,-130,226.5,90-100
1015,19/3/13,MEM,ATL,-115,-105,223.5,111-132
1016,19/3/13,BKN,OKC,230,-280,232.5,96-108
1017,19/3/13,GS,HOU,150,-180,228.0,106-104
1018,19/3/13,UTA,PHO,-400,300,219.5,114-97
1019,19/3/14,CLE,ORL,300,-400,212.0,91-120
1020,19/3/14,OKC,IND,-110,-110,217.5,106-108
1021,19/3/14,SAC,BOS,290,-380,228.0,120-126
1022,19/3/14,LAL,TOR,250,-310,230.0,98-111
1023,19/3/14,MIN,UTA,320,-420,220.5,100-120
1024,19/3/14,DAL,DEN,575,-850,220.5,99-100
1025,19/3/15,LAL,DET,750,-1200,215.5,97-111
1026,19/3/15,SAC,PHI,500,-700,233.5,114-123
1027,19/3/15,CHA,WAS,135,-155,233.5,116-110
1028,19/3/15,PHO,HOU,700,-1100,226.0,102-108
1029,19/3/15,POR,NO,-440,340,233.0,122-110
1030,19/3/15,MIL,MIA,-240,190,220.5,113-98
1031,19/3/15,NY,SA,800,-1400,214.0,83-109
1032,19/3/15,CHI,LAC,325,-425,229.5,121-128
1033,19/3/16,ATL,BOS,500,-700,233.0,120-129
1034,19/3/16,MEM,WAS,105,-125,225.0,128-135
1035,19/3/16,PHO,NO,160,-190,235.0,138-136
1036,19/3/16,GS,OKC,105,-125,228.5,110-88
1037,19/3/16,POR,SA,125,-145,223.0,103-108
1038,19/3/16,CLE,DAL,180,-220,217.5,116-121
1039,19/3/16,IND,DEN,250,-310,214.0,100-102
1040,19/3/16,BKN,UTA,340,-440,218.5,98-114
1041,19/3/17,LAL,NY,-210,175,220.5,123-124
1042,19/3/17,CHA,MIA,135,-155,210.0,75-93
1043,19/3/17,PHI,MIL,210,-260,230.0,130-125
1044,19/3/17,TOR,DET,-110,-110,215.5,107-110
1045,19/3/17,ATL,ORL,325,-425,225.0,91-101
1046,19/3/17,CHI,SAC,230,-280,231.0,102-129
1047,19/3/17,MIN,HOU,425,-600,224.5,102-117
1048,19/3/17,BKN,LAC,210,-260,230.0,116-119
1049,19/3/18,DET,CLE,-260,210,212.0,119-126
1050,19/3/18,UTA,WAS,-240,190,227.0,116-95
1051,19/3/18,DEN,BOS,170,-200,221.5,114-105
1052,19/3/18,NY,TOR,750,-1200,213.5,92-128
1053,19/3/18,MIA,OKC,190,-240,209.5,116-107
1054,19/3/18,GS,SA,-150,130,226.5,105-111
1055,19/3/18,NO,DAL,175,-210,232.5,129-125
1056,19/3/18,CHI,PHO,120,-140,227.0,116-101
1057,19/3/18,IND,POR,175,-210,211.0,98-106
1058,19/3/19,PHI,CHA,100,-120,223.0,118-114
1059,19/3/19,HOU,ATL,-425,325,233.0,121-105
1060,19/3/19,GS,MIN,-300,240,230.0,117-107
1061,19/3/19,LAL,MIL,550,-800,228.5,101-115
1062,19/3/19,BKN,SAC,135,-155,231.0,123-121
1063,19/3/19,IND,LAC,185,-230,219.0,109-115
1064,19/3/20,MIL,CLE,-260,210,224.5,102-107
1065,19/3/20,NO,ORL,400,-550,224.0,96-119
1066,19/3/20,BOS,PHI,145,-170,224.0,115-118
1067,19/3/20,UTA,NY,-1400,800,210.5,137-116
1068,19/3/20,WAS,CHI,-180,150,229.0,120-126
1069,19/3/20,HOU,MEM,-260,210,215.5,125-126
1070,19/3/20,MIA,SA,210,-260,211.0,110-105
1071,19/3/20,TOR,OKC,180,-220,227.0,123-114
1072,19/3/20,DAL,POR,425,-600,217.5,118-126
1073,19/3/21,MIN,CHA,210,-260,223.0,106-113
1074,19/3/21,DEN,WAS,-400,300,229.5,113-108
1075,19/3/21,UTA,ATL,-330,260,226.0,114-117
1076,19/3/21,DAL,SAC,350,-450,228.5,100-116
1077,19/3/21,DET,PHO,-300,240,217.5,118-98
1078,19/3/21,IND,GS,500,-700,218.5,89-112
1079,19/3/22,MEM,ORL,500,-700,205.5,119-123
1080,19/3/22,DEN,NY,-900,600,215.0,111-93
1081,19/3/22,LAC,CLE,-300,240,226.5,110-108
1082,19/3/22,OKC,TOR,115,-135,225.0,116-109
1083,19/3/22,SA,HOU,220,-270,221.5,105-111
1084,19/3/22,MIA,MIL,270,-340,218.0,87-116
1085,19/3/22,BKN,LAL,-140,120,232.5,111-106
1086,19/3/23,BOS,CHA,-180,150,222.0,117-124
1087,19/3/23,MIA,WAS,100,-120,220.5,113-108
1088,19/3/23,PHI,ATL,-330,260,236.5,127-129
1089,19/3/23,MIN,MEM,-105,-115,217.0,112-99
1090,19/3/23,UTA,CHI,-750,525,213.0,114-83
1091,19/3/23,DAL,GS,800,-1400,219.5,126-91
1092,19/3/23,DET,POR,190,-240,215.5,112-117
1093,19/3/23,PHO,SAC,450,-650,230.5,103-112
1094,19/3/24,LAC,NY,-450,350,223.5,124-113
1095,19/3/24,CLE,MIL,900,-1600,223.0,105-127
1096,19/3/24,DEN,IND,-125,105,210.5,88-124
1097,19/3/24,CHA,TOR,600,-900,223.0,115-114
1098,19/3/24,HOU,NO,-550,400,229.5,113-90
1099,19/3/24,SA,BOS,-135,115,222.0,115-96
1100,19/3/24,DET,GS,425,-600,219.0,114-121
1101,19/3/24,SAC,LAL,-110,-110,231.5,106-111
1102,19/3/25,PHI,ORL,115,-135,219.0,98-119
1103,19/3/25,OKC,MEM,-350,275,216.5,103-115
1104,19/3/25,PHO,UTA,900,-1600,216.0,92-125
1105,19/3/25,BKN,POR,210,-260,223.5,144-148
1106,19/3/26,BOS,CLE,-250,200,216.5,116-106
1107,19/3/26,SA,CHA,-190,160,220.0,116-125
1108,19/3/26,ORL,MIA,142,-165,205.0,104-99
1109,19/3/26,CHI,TOR,1000,-2000,219.0,103-112
1110,19/3/26,LAC,MIN,-150,130,229.5,122-111
1111,19/3/26,ATL,NO,-145,125,242.5,130-120
1112,19/3/26,HOU,MIL,125,-145,224.0,94-108
1113,19/3/26,SAC,DAL,-130,110,226.0,125-121
1114,19/3/26,DET,DEN,275,-350,213.0,92-95
1115,19/3/26,WAS,LAL,125,-145,237.5,106-124
1116,19/3/27,IND,OKC,240,-300,217.5,99-107
1117,19/3/27,GS,MEM,-600,425,220.5,118-103
1118,19/3/27,POR,CHI,-450,350,216.0,118-98
1119,19/3/27,WAS,PHO,-120,100,230.5,124-121
1120,19/3/27,LAL,UTA,1000,-2000,219.0,100-115
1121,19/3/28,BKN,PHI,255,-320,232.0,110-123
1122,19/3/28,ORL,DET,135,-155,205.5,98-115
1123,19/3/28,TOR,NY,-600,425,219.5,117-92
1124,19/3/28,DAL,MIA,220,-270,212.5,99-105
1125,19/3/28,SAC,NO,-265,215,234.0,118-121
1126,19/3/28,LAC,MIL,450,-650,231.0,118-128
1127,19/3/28,DEN,HOU,220,-270,216.5,85-112
1128,19/3/28,CLE,SA,650,-1000,217.0,110-116
1129,19/3/29,IND,BOS,240,-300,213.0,112-114
1130,19/3/29,POR,ATL,-145,125,233.0,118-98
1131,19/3/29,DEN,OKC,170,-200,218.0,115-105
1132,19/3/29,GS,MIN,-650,450,229.0,130-131
1133,19/3/29,WAS,UTA,850,-1500,226.0,124-128
1134,19/3/29,CHA,LAL,-125,105,229.5,115-129
1135,19/3/30,CLE,LAC,316,-399,228.5,108-132
1136,19/3/30,BOS,BKN,166,-195,222.5,96-110
1137,19/3/30,SAC,HOU,394,-515,229.0,108-119
1138,19/3/30,POR,DET,172,-203,214.0,90-99
1139,19/3/30,ORL,IND,105,-125,205.5,121-116
1140,19/3/30,MIA,NY,-300,245,209.0,100-92
1141,19/3/30,PHI,MIN,-190,163,230.0,118-109
1142,19/3/30,TOR,CHI,-540,410,214.0,124-101
1143,19/3/30,MEM,PHO,-130,110,220.5,120-115
1144,19/3/31,MIL,ATL,-135,115,230.5,135-136
1145,19/3/31,DAL,OKC,700,-1100,218.0,106-103
1146,19/3/31,LAL,NO,135,-155,231.0,130-102
1147,19/3/31,SAC,SA,450,-650,224.5,113-106
1148,19/3/31,WAS,DEN,500,-700,227.5,95-90
1149,19/3/31,CHA,GS,600,-900,230.0,90-137
1150,19/3/31,MEM,LAC,425,-600,224.0,96-113
1151,19/4/01,DET,IND,190,-240,203.5,102-111
1152,19/4/01,MIA,BOS,240,-300,213.0,105-110
1153,19/4/01,MIL,BKN,105,-125,229.5,131-121
1154,19/4/01,ORL,TOR,225,-275,216.0,109-121
1155,19/4/01,CHI,NY,142,-165,213.0,105-113
1156,19/4/01,POR,MIN,-170,145,225.5,132-122
1157,19/4/01,PHI,DAL,-220,180,219.0,102-122
1158,19/4/01,CHA,UTA,575,-850,218.0,102-111
1159,19/4/01,CLE,PHO,110,-130,224.0,113-122
1160,19/4/02,LAL,OKC,750,-1200,226.0,103-119
1161,19/4/02,ATL,SA,550,-800,230.0,111-117
1162,19/4/02,HOU,SAC,-250,200,226.0,130-105
1163,19/4/02,DEN,GS,325,-425,220.0,102-116
1164,19/4/03,IND,DET,120,-140,205.5,108-89
1165,19/4/03,NY,ORL,750,-1200,212.5,100-114
1166,19/4/03,CHI,WAS,400,-550,225.5,115-114
1167,19/4/03,PHI,ATL,-200,170,239.5,122-130
1168,19/4/03,BOS,MIA,-105,-115,214.0,112-102
1169,19/4/03,TOR,BKN,-130,110,228.5,115-105
1170,19/4/03,CHA,NO,-190,160,229.5,115-109
1171,19/4/03,MIN,DAL,125,-145,227.0,110-108
1172,19/4/03,SA,DEN,170,-200,214.5,85-113
1173,19/4/03,UTA,PHO,-650,450,219.5,118-97
1174,19/4/03,MEM,POR,525,-750,216.5,89-116
1175,19/4/03,HOU,LAC,-145,125,229.0,135-103
1176,19/4/04,MIL,PHI,-180,150,231.5,128-122
1177,19/4/04,CLE,SAC,400,-550,229.5,104-117
1178,19/4/04,GS,LAL,-1400,800,226.5,108-90
1179,19/4/05,SA,WAS,-300,240,225.5,129-112
1180,19/4/05,TOR,CHA,-270,220,224.0,111-113
1181,19/4/05,ATL,ORL,325,-425,225.5,113-149
1182,19/4/05,NY,HOU,1600,-6000,216.5,96-120
1183,19/4/05,BOS,IND,-110,-110,213.5,117-97
1184,19/4/05,MIA,MIN,-160,140,218.5,109-111
1185,19/4/05,DET,OKC,200,-250,216.0,110-123
1186,19/4/05,MEM,DAL,155,-185,211.5,122-112
1187,19/4/05,SAC,UTA,425,-600,222.0,98-119
1188,19/4/05,NO,PHO,-140,120,228.5,126-133
1189,19/4/05,CLE,GS,1200,-3000,225.0,114-120
1190,19/4/05,LAL,LAC,550,-800,228.0,122-117
1191,19/4/05,POR,DEN,200,-250,216.0,110-119
1192,19/4/06,BKN,MIL,140,-160,235.5,133-128
1193,19/4/06,PHI,CHI,-650,450,227.5,116-96
1194,19/4/07,MIA,TOR,200,-250,214.5,109-117
1195,19/4/07,SA,CLE,-425,325,219.5,112-90
1196,19/4/07,OKC,MIN,-300,240,229.0,132-126
1197,19/4/07,CHA,DET,225,-275,217.5,104-91
1198,19/4/07,BKN,IND,120,-140,220.0,108-96
1199,19/4/07,DAL,MEM,-110,-110,214.0,129-127
1200,19/4/07,ATL,MIL,650,-1000,235.0,107-115
1201,19/4/07,PHO,HOU,1800,-8000,223.0,113-149
1202,19/4/07,ORL,BOS,145,-170,218.0,116-108
1203,19/4/07,WAS,NY,-180,150,226.0,110-113
1204,19/4/07,LAC,GS,650,-1000,237.5,104-131
1205,19/4/07,DEN,POR,350,-450,219.0,108-115
1206,19/4/07,NO,SAC,550,-800,232.5,133-129
1207,19/4/07,UTA,LAL,-1100,700,216.5,109-113
1208,19/4/09,MEM,DET,750,-1200,210.0,93-100
1209,19/4/09,CHA,CLE,-450,350,220.5,124-97
1210,19/4/09,BOS,WAS,170,-200,222.5,116-110
1211,19/4/09,PHI,MIA,220,-270,219.0,99-122
1212,19/4/09,NY,CHI,110,-130,215.0,96-86
1213,19/4/09,TOR,MIN,-350,275,227.0,120-100
1214,19/4/09,GS,NO,-500,375,235.0,112-103
1215,19/4/09,PHO,DAL,300,-400,225.0,109-120
1216,19/4/09,DEN,UTA,110,-130,212.5,108-118
1217,19/4/09,HOU,OKC,-150,130,229.5,111-112
1218,19/4/09,POR,LAL,-500,375,225.5,104-101
1219,19/4/10,GS,MEM,-210,175,214.5,117-132
1220,19/4/10,OKC,MIL,-200,170,227.5,127-116
1221,19/4/10,DAL,SA,900,-1600,219.0,94-105
1222,19/4/10,CHI,PHI,200,-250,218.5,109-125
1223,19/4/10,ORL,CHA,150,-180,217.5,122-114
1224,19/4/10,IND,ATL,180,-220,225.5,135-134
1225,19/4/10,MIA,BKN,170,-200,219.0,94-113
1226,19/4/10,DET,NY,-420,320,205.0,115-89
1227,19/4/10,MIN,DEN,700,-1100,218.5,95-99
1228,19/4/10,SAC,POR,130,-150,226.5,131-136
1229,19/4/10,UTA,LAC,280,-360,225.0,137-143
1230,19/4/13,BKN,PHI,280,-360,228.5,111-102
1231,19/4/13,ORL,TOR,375,-500,212.5,104-101
1232,19/4/13,LAC,GS,900,-1600,234.0,104-121
1233,19/4/13,SA,DEN,220,-270,210.5,101-96
1234,19/4/14,IND,BOS,300,-400,210.0,74-84
1235,19/4/14,OKC,POR,130,-150,224.5,99-104
1236,19/4/14,DET,MIL,1100,-2500,215.5,86-121
1237,19/4/14,UTA,HOU,210,-260,212.5,90-122
1238,19/4/15,BKN,PHI,350,-450,224.0,123-145
1239,19/4/15,LAC,GS,900,-1600,234.0,135-131
1240,19/4/16,ORL,TOR,550,-800,212.5,82-111
1241,19/4/16,SA,DEN,260,-330,210.5,105-114
1242,19/4/16,OKC,POR,-105,-115,224.5,94-114
1243,19/4/17,IND,BOS,275,-350,207.0,91-99
1244,19/4/17,DET,MIL,1200,-3000,215.5,99-120
1245,19/4/17,UTA,HOU,240,-300,216.0,98-118
1246,19/4/18,PHI,BKN,-115,-105,229.5,131-115
1247,19/4/18,DEN,SA,163,-190,207.0,108-118
1248,19/4/18,GS,LAC,-500,384,234.0,132-105
1249,19/4/19,TOR,ORL,-220,184,211.0,98-93
1250,19/4/19,BOS,IND,115,-135,204.0,104-96
1251,19/4/19,POR,OKC,274,-340,221.0,108-120
1252,19/4/20,PHI,BKN,-152,133,231.0,112-108
1253,19/4/20,DEN,SA,144,-165,209.5,117-103
1254,19/4/20,MIL,DET,-450,351,216.5,119-103
1255,19/4/20,HOU,UTA,110,-130,214.5,104-101
1256,19/4/21,BOS,IND,-160,140,204.5,110-106
1257,19/4/21,GS,LAC,-500,384,236.0,113-105
1258,19/4/21,TOR,ORL,-230,192,206.0,107-85
1259,19/4/21,POR,OKC,195,-235,222.0,111-98
1260,19/4/22,MIL,DET,-900,614,220.0,127-104
1261,19/4/22,HOU,UTA,-130,110,214.5,91-107
1262,19/4/23,SA,DEN,194,-232,210.5,90-108
1263,19/4/23,OKC,POR,155,-180,222.0,115-118
1264,19/4/23,ORL,TOR,550,-777,206.0,96-115
1265,19/4/23,BKN,PHI,327,-415,229.5,100-122
1266,19/4/24,LAC,GS,1198,-2600,231.5,129-121
1267,19/4/24,UTA,HOU,306,-385,213.5,93-100
1268,19/4/25,DEN,SA,130,-150,209.0,103-120
1269,19/4/26,GS,LAC,-600,447,232.0,129-110
1270,19/4/27,SA,DEN,218,-265,207.5,86-90
1271,19/4/27,PHI,TOR,237,-290,223.5,95-108
1272,19/4/28,BOS,MIL,326,-410,223.0,112-90
1273,19/4/28,HOU,GS,234,-285,224.0,100-104
1274,19/4/29,PHI,TOR,245,-300,219.5,94-89
1275,19/4/29,POR,DEN,162,-189,215.0,113-121
1276,19/4/30,BOS,MIL,278,-345,219.0,102-123
1277,19/4/30,HOU,GS,199,-240,222.0,109-115
1278,19/5/01,POR,DEN,155,-180,219.5,97-90
1279,19/5/02,TOR,PHI,-120,100,216.0,95-116
1280,19/5/03,MIL,BOS,118,-138,220.0,123-116
1281,19/5/03,DEN,POR,188,-225,215.0,137-140
1282,19/5/04,GS,HOU,148,-170,219.5,121-126
1283,19/5/05,TOR,PHI,120,-140,215.0,101-96
1284,19/5/05,DEN,POR,121,-140,211.0,116-112
1285,19/5/06,MIL,BOS,-108,-112,221.5,113-101
1286,19/5/06,GS,HOU,-115,-105,219.5,108-112
1287,19/5/07,PHI,TOR,211,-255,212.5,89-125
1288,19/5/07,POR,DEN,170,-200,213.5,98-124
1289,19/5/08,BOS,MIL,303,-380,220.5,91-116
1290,19/5/08,HOU,GS,203,-245,221.0,99-104
1291,19/5/09,TOR,PHI,-126,106,212.0,101-112
1292,19/5/09,DEN,POR,162,-188,213.0,108-119
1293,19/5/10,GS,HOU,278,-345,215.5,118-113
1294,19/5/12,PHI,TOR,203,-245,210.0,90-92
1295,19/5/12,POR,DEN,221,-265,211.0,100-96
1296,19/5/14,POR,GS,245,-300,220.5,94-116
1297,19/5/15,TOR,MIL,256,-315,218.0,100-108
1298,19/5/16,POR,GS,256,-315,219.5,111-114
1299,19/5/17,TOR,MIL,207,-250,219.5,103-125
1300,19/5/18,GS,POR,135,-155,220.5,110-99
1301,19/5/19,MIL,TOR,112,-132,222.0,112-118
1302,19/5/20,GS,POR,-127,107,218.0,119-117
1303,19/5/21,MIL,TOR,-154,134,216.0,102-120
1304,19/5/23,TOR,MIL,278,-345,215.5,105-99
1305,19/5/25,MIL,TOR,110,-130,214.0,94-100
1306,19/5/30,GS,TOR,115,-135,212.5,109-118
1307,19/6/02,GS,TOR,117,-137,213.5,109-104
1308,19/6/05,TOR,GS,114,-134,209.5,123-109
1309,19/6/07,TOR,GS,194,-233,215.0,105-92
1310,19/6/10,GS,TOR,-107,-113,217.0,106-105
1311,19/6/13,TOR,GS,124,-144,211.5,114-110
